"site_ID","mean","se","count"
"ABBY",4.75,1.10867789130417,4
"BARR",102,26.7880570404052,6
"BART",8.5,2.32737334062816,4
"BLAN",0,NA,1
"BONA",32.4,7.50732975164938,5
"DCFS",0,0,2
"DEJU",4.9,0.578791845139511,5
"HARV",7,0.894427190999916,5
"HEAL",48.4,10.1419919148065,5
"MLBS",2.25,0.75,2
"ORNL",2.5,NA,1
"RMNP",0.625,0.625,4
"SJER",3,NA,1
"SOAP",2,0.408248290463863,4
"STEI",2,NA,1
"TREE",2,0,2
"WREF",4.66666666666667,1.20185042515466,3
